{
  "project_info": {
    "project_number": "858477390610",
    "firebase_url": "https://three-horses-997cd-default-rtdb.firebaseio.com",
    "project_id": "three-horses-997cd",
    "storage_bucket": "three-horses-997cd.firebasestorage.app"
  },
  "client": [
    {
      "client_info": {
        "mobilesdk_app_id": "1:858477390610:android:79be812087db3a5a6e61cb",
        "android_client_info": {
          "package_name": "com.example.a3horses"
        }
      },
      "oauth_client": [],
      "api_key": [
        {
          "current_key": "AIzaSyBW5aRy4NAQV7p1UzLFZ3OwOW-j2Hr_eng"
        }
      ],
      "services": {
        "appinvite_service": {
          "other_platform_oauth_client": []
        }
      }
    }
  ],
  "configuration_version": "1"
}